
{
    "resourceType": "ClinicalImpression",
    "id": "ci-001",
    "meta": {
        "profile": [
            "http://fhir.cqdg.ferlab.bio/StructureDefinition/cqdg-clinical-impression"
        ]
    },


    "extension": [
        {
            "url":"http://fhir.cqgc.ferlab.bio/StructureDefinition/age-at-event",
            "valueAge": {
                "value": 234,
                "unit": "days",
                "system": "http://unitsofmeasure.org",
                "code":"d"
            }
        }
    ],

    "status":"in-progress",
    "subject": {
        "reference": "Patient/pt-001"
    },
    "date":"2019-03-09",
    "assessor":{"reference":"Practitioner/pr-001"},
    "investigation": [
        {
            "code": {
                "text": "initial-examination"
            },
            "item": [
                {
                    "reference": "Observation/ph-001"
                },
                {
                    "reference": "Observation/cgh-001"
                },
                {
                    "reference": "Observation/inv-001"
                },
                {
                    "reference": "Observation/ind-001"
                },
                {
                    "reference": "FamilyMemberHistory/fmh-001"
                }
            ]
        }
    ]
}