{
    "resourceType": "DocumentReference",
    "id": "file-vcf-000001",
    "meta": {
        "profile": [
            "http://fhir.cqgc.ferlab.bio/StructureDefinition/cqgc-document"
        ]
    },
    "masterIdentifier": {
        "system": "https://objectstore.cqgc.ca/",
        "value": "07a6483f-732b-461e-86b6-edb665c45510"
    },
    "status": "current",
    "docStatus": "final",
    "type": {
        "coding": [
            {
                "system": "http://fhir.cqgc.ferlab.bio/CodeSystem/data-type",
                "code": "SNV",
                "display": "Raw SNV Calls"
            }
        ]
    },
    "category": [
        {
            "coding": [
                {
                    "system": "http://fhir.cqgc.ferlab.bio/CodeSystem/data-category",
                    "code": "SNV",
                    "display": "Single Nucleotide Variation"
                }
            ]
        }
    ],
    "subject": {
        "reference": "Patient/PA00393"
    },
    "date": "2005-12-24T09:43:41+11:00",
    "custodian": {
        "reference": "Organization/cqgc",
        "type": "Organization"
    },
    "securityLabel": [
        {
            "coding": [
                {
                    "system": "http://terminology.hl7.org/CodeSystem/v3-Confidentiality",
                    "code": "R",
                    "display": "restricted"
                }
            ]
        }
    ],
    "content": [
        {
            "attachment": {
                "contentType": "application/binary",
                "url": "http://objectstore.cqgc.ca/07a6483f-732b-461e-86b6-edb665c45510",
                "size": 3654,
                "hash": "MD5sum",
                "title": "<file name as given by the lab>.vcf",
                "creation": "2005-12-24T09:35:00+11:00"
            },
            "format": {
                "system": "http://fhir.cqgc.ferlab.bio/CodeSystem/document-format",
                "code": "VCF",
                "display": "VCF File"
            }
        }
    ],
    "context": {
        "related": [
            {
                "reference": "specimen/SP03939",
                "type": "Specimen"
            }
        ]
    },
    "extension": [
        {
            "url": "http://fhir.cqgc.ferlab.bio/StructureDefinition/seq-metrics",
            "extension": [
                {
                    "url": "SNVHet",
                    "valueInteger": 46532
                },
                {
                    "url": "SNVHom",
                    "valueInteger": 29690
                },
                {
                    "url": "deletionsHet",
                    "valueInteger": 3126
                },
                {
                    "url": "deletionsHom",
                    "valueInteger": 876
                },
                {
                    "url": "insertionsHet",
                    "valueInteger": 2857
                },
                {
                    "url": "insertionsHom",
                    "valueInteger": 1744
                },
                {
                    "url": "inDbSNP",
                    "valueInteger": 74308
                }
            ]
        },
        {
            "url": "http://fhir.cqgc.ferlab.bio/StructureDefinition/variant-type",
            "valueCoding": {
                "code": "G",
                "display": "Germline"
            }
        }
    ]
}