{
    "resourceType": "DocumentReference",
    "id": "fi000002",
    "meta": {
        "profile": [
            "http://fhir.cqgc.ferlab.bio/StructureDefinition/cqgc-document"
        ]
    },
    "masterIdentifier": {
        "system": "https://objectstore.cqgc.ca/",
        "value": "07a6483f-732b-461e-86b6-edb665c45510"
    },
    "status": "current",
    "docStatus": "final",
    "type": {
        "coding": [
            {
                "system": "http://fhir.cqgc.ferlab.bio/CodeSystem/data-types",
                "code": "AR",
                "display": "Aligned Reads"
            }
        ]
    },
    "category": [
        {
            "coding": [
                {
                    "system": "http://fhir.cqgc.ferlab.bio/CodeSystem/data-categories",
                    "code": "SR",
                    "display": "Sequencing Reads"
                }
            ]
        }
    ],
    "subject": {
        "reference": "Patient/PA00393"
    },
    "date": "2005-12-24T09:43:41+11:00",
    "custodian": {
        "reference": "Organization/cqgc"
    },
    "securityLabel": [
        {
            "coding": [
                {
                    "system": "http://terminology.hl7.org/CodeSystem/v3-Confidentiality",
                    "code": "R",
                    "display": "restricted"
                }
            ]
        }
    ],
    "content": [
        {
            "attachment": {
                "contentType": "application/binary",
                "url": "http://objectstore.cqgc.ca/07a6483f-732b-461e-86b6-edb665c45510",
                "size": 3654,
                "hash": "MD5sum",
                "title": "file name as given by the lab",
                "creation": "2005-12-24T09:35:00+11:00"
            },
            "format": {
                "system": "http://fhir.cqgc.ferlab.bio/CodeSystem/document-formats",
                "code": "CRAI",
                "display": "CRAI"
            }
        }
    ],
    "context": {
        "related": [
            {
                "reference": "specimen/SP03939_DNA",
                "display": "Sample"
            }
        ]
    },
    "relatesTo": [
        {
            "code": "transforms",
            "target": {
                "reference": "DocumentReference/CramFileId"
            }
        }
    ],
    "extension": [
        {
            "url": "http://fhir.cqgc.ferlab.bio/StructureDefinition/variant-type",
            "valueCoding": {
                "code": "G",
                "display": "Germline"
            }
        },
        {
            "url": "http://fhir.cqgc.ferlab.bio/StructureDefinition/seq-metrics",
            "extension": [
                {
                    "url": "totalReads",
                    "valueInteger": 149737012
                },
                {
                    "url": "passFilterReadsPercent",
                    "valueDecimal": 1.0
                },
                {
                    "url": "passFilterUniqueReadsPercent",
                    "valueDecimal": 0.76
                },
                {
                    "url": "passFilterUniqueAlignedReadsPercent",
                    "valueDecimal": 0.59
                },
                {
                    "url": "targetAverageCoverage",
                    "valueDecimal": 155.5
                },
                {
                    "url": "targetCoverage20xPercent",
                    "valueDecimal": 95.5
                },
                {
                    "url": "offTargetBasesPercent",
                    "valueDecimal": 30.2
                },
                {
                    "url": "estimatedSampleContamination",
                    "valueFloat": 0.043432
                },
                {
                    "url": "SNVHom",
                    "valueInteger": 46532
                },
                {
                    "url": "SNVHet",
                    "valueInteger": 29690
                },
                {
                    "url": "deletionsHom",
                    "valueInteger": 3126
                },
                {
                    "url": "deletionsHet",
                    "valueInteger": 345
                },
                {
                    "url": "insertionsHet",
                    "valueInteger": 2857
                },
                {
                    "url": "insertionsHom",
                    "valueInteger": 1744
                },
                {
                    "url": "inDbSNP",
                    "valueInteger": 74308
                }
            ]
        }
    ]
}