{
    "resourceType": "DocumentReference",
    "id": "file-cram-000001",
    "meta": {
        "profile": [
            "http://fhir.cqgc.ferlab.bio/StructureDefinition/cqgc-document"
        ]
    },
    "masterIdentifier": {
        "system": "https://objectstore.cqgc.ca/",
        "value": "07a6483f-732b-461e-86b6-edb665c45510"
    },
    "status": "current",
    "docStatus": "final",
    "type": {
        "coding": [
            {
                "system": "http://fhir.cqgc.ferlab.bio/CodeSystem/data-type",
                "code": "AR",
                "display": "Aligned Reads"
            }
        ]
    },
    "category": [
        {
            "coding": [
                {
                    "system": "http://fhir.cqgc.ferlab.bio/CodeSystem/data-category",
                    "code": "SR",
                    "display": "Sequencing Reads"
                }
            ]
        }
    ],
    "subject": {
        "reference": "Patient/PA00393"
    },
    "date": "2005-12-24T09:43:41+11:00",
    "custodian": {
        "reference": "Organization/cqgc",
        "type": "Organization"
    },
    "securityLabel": [
        {
            "coding": [
                {
                    "system": "http://terminology.hl7.org/CodeSystem/v3-Confidentiality",
                    "code": "R",
                    "display": "restricted"
                }
            ]
        }
    ],
    "content": [
        {
            "attachment": {
                "contentType": "application/binary",
                "url": "http://objectstore.cqgc.ca/07a6483f-732b-461e-86b6-edb665c45510",
                "size": 3654,
                "hash": "MD5sum",
                "title": "<file name as given by the lab>.cram",
                "creation": "2005-12-24T09:35:00+11:00"
            },
            "format": {
                "system": "http://fhir.cqgc.ferlab.bio/CodeSystem/document-format",
                "code": "CRAM",
                "display": "CRAM File"
            }
        }
    ],
    "context": {
        "related": [
            {
                "reference": "specimen/SP03939",
                "type": "Specimen"
            }
        ]
    },
    "extension": [
        {
            "url": "http://fhir.cqgc.ferlab.bio/StructureDefinition/seq-metrics",
            "extension": [
                {
                    "url": "totalReads",
                    "valueInteger": 149737012
                },
                {
                    "url": "passFilterReadsPercent",
                    "valueDecimal": 1.0
                },
                {
                    "url": "passFilterUniqueReadsPercent",
                    "valueDecimal": 0.76
                },
                {
                    "url": "passFilterUniqueAlignedReadsPercent",
                    "valueDecimal": 0.59
                },
                {
                    "url": "targetAverageCoverage",
                    "valueDecimal": 155.5
                },
                {
                    "url": "targetCoverage20xPercent",
                    "valueDecimal": 95.5
                },
                {
                    "url": "offTargetBasesPercent",
                    "valueDecimal": 30.2
                },
                {
                    "url": "estimatedSampleContamination",
                    "valueFloat": 0.043432
                }
            ]
        }
    ]
}