{
    "resourceType": "Group",
    "id": "fa-001",
    "meta": {
      "profile": [
        "http://fhir.cqgc.ferlab.bio/StructureDefinition/cqgc-family-group"
      ]
    },
    "extension": [
        {
          "url": "http://fhir.cqgc.ferlab.bio/StructureDefinition/fm-structure",
          "valueCoding": {
            "code": "SOL",
            "display": "Solo"
          }
        }
    ],

    "type": "person",
    "quantity":1,
    "actual": true,
    "member": [
      {
        "entity": {
          "reference": "Patient/pt-001"
        }
      }
    ]
  }