{
  "resourceType": "Observation",
  "id": "ph-001",
  "meta": {
    "profile": [
      "http://fhir.cqgc.ferlab.bio/StructureDefinition/cqgc-observation"
    ]
  },
  "extension": [
    {
      "url": "http://fhir.cqgc.ferlab.bio/StructureDefinition/age-at-onset",
      "valueCoding": {
        "code": "HP:0410280",
        "display": "Pediatric onset"
      }
    },
    {
      "url": "http://fhir.cqgc.ferlab.bio/StructureDefinition/hpo-category",
      "valueCoding": {
        "code": "HP:0001626",
        "display": "Abnormality of the cardiovascular system"
      }
    }
  ],
  "status": "final",
  "category": [
    {
      "coding": [
        {
          "system": "http://terminology.hl7.org/CodeSystem/observation-category",
          "code": "exam",
          "display": "Exam"
        }
      ]
    }
  ],
  "code": {
    "coding": [
      {
        "system": "http://fhir.cqgc.ferlab.bio/CodeSystem/observation-code",
        "code": "PHENO",
        "display": "phenotype"
      }
    ]
  },
  "subject": {
    "reference": "Patient/pt-001"
  },
  "valueCodeableConcept": {
    "coding": [
      {
        "system": "http://purl.obolibrary.org/obo/hp.owl",
        "code": "HP:0004307",
        "display": "Abnormal anatomic location of the heart"
      }
    ]
  },
  "note": [
    {
      "text": "une note en texte libre sur l'observation"
    }
  ],
  "interpretation": [
    {
      "coding": [
        {
          "system": "http://terminology.hl7.org/CodeSystem/v3-ObservationInterpretation",
          "code": "POS",
          "display": "Positive"
        }
      ],
      "text": "Observé"
    }
  ]
}