{
    "resourceType": "Observation",
    "id": "cgh-001",
    "meta": {
        "profile": [
            "http://fhir.cqgc.ferlab.bio/StructureDefinition/cqgc-observation"
        ]
    },
  
    "status": "final",
    "category": [
      {
      "coding": [
        {
          "system": "http://terminology.hl7.org/CodeSystem/observation-category",
          "code": "laboratory",
          "display": "Laboratory"
        }
      ]
      }
    ],
    "code": { 
      "coding": [
        {
          "system": "http://fhir.cqgc.ferlab.bio/CodeSystem/observation-code",
          "code": "CGH",
          "display": "cgh"
        }
      ]
    },
    "subject": { "reference": "Patient/pt-001" },
    "interpretation":[
      {
        "coding":[
          {
            "code":"A",
            "display":"Abnormal"
          }
        ]
      }
    ],
    "note": [ {"text" : "Si anormal - donne la conclusion redigeee par le laboratoire par ex."}]
  }