{
    "resourceType": "Observation",
    "id": "ind-001",
    "meta": {
        "profile": [
            "http://fhir.cqgc.ferlab.bio/StructureDefinition/cqgc-observation"
        ]
    },
  
    "status": "final",
    "category": [
      {
      "coding": [
        {
          "system": "http://terminology.hl7.org/CodeSystem/observation-category",
          "code": "exam",
          "display": "Exam"
        }
      ]
      }
    ],
    "code": { 
      "coding": [
        {
          "system": "http://fhir.cqgc.ferlab.bio/CodeSystem/observation-code",
          "code": "INDIC",
          "display": "indications"
        }
      ]
    },
    "subject": { "reference": "Patient/pt-001" },  
    "note": [ {"text" : "Syndrome de microdélétion"}]
  }