{
  "resourceType": "Patient",
  "id": "pt-001",
  "meta": {
    "profile": [
      "http://fhir.cqgc.ferlab.bio/StructureDefinition/cqgc-patient"
    ]
  },
  "extension": [
    {
      "url": "http://fhir.cqgc.ferlab.bio/StructureDefinition/qc-ethnicity",
      "valueCoding": {
        "system": "http://fhir.cqgc.ferlab.bio/CodeSystem/qc-ethnicity",
        "code": "CA-FR",
        "display": "French Canadian"
      }
    },
    {
      "url": "http://fhir.cqgc.ferlab.bio/StructureDefinition/family-id",
      "valueReference": {
        "reference": "Group/fa-001"
      }
    },
    {
      "url": "http://fhir.cqgc.ferlab.bio/StructureDefinition/is-proband",
      "valueBoolean": true
    },
    {
      "url": "http://fhir.cqgc.ferlab.bio/StructureDefinition/blood-relationship",
      "valueCoding": {
        "system": "http://fhir.cqgc.ferlab.bio/CodeSystem/blood-relationship",
        "code": "Y",
        "display": "Yes"
      }
    }
  ],
  "identifier": [
    {
      "type": {
        "coding": [
          {
            "system": "http://terminology.hl7.org/CodeSystem/v2-0203",
            "code": "MR",
            "display": "Medical record number"
          }
        ],
        "text": "Numéro du dossier médical"
      },
      "value": "4533941",
      "assigner": {
        "reference": "Organization/or-001"
      }
    },
    {
      "type": {
        "coding": [
          {
            "system": "http://terminology.hl7.org/CodeSystem/v2-0203",
            "code": "JHN",
            "display": "Jurisdictional health number (Canada)"
          }
        ],
        "text": "Numéro assurance maladie du Québec"
      },
      "value": "BERF18106921"
    }
  ],
  "active": true,
  "name": [
    {
      "use": "official",
      "family": "Bertrand",
      "given": [
        "Francine"
      ]
    }
  ],
  "birthDate": "2018-10-11",
  "gender": "female",
  "generalPractitioner": [
    {
      "reference": "PractitionerRole/PRR-001"
    },
    {
      "reference": "PractitionerRole/PRR-004"
    }
  ]
}