{
    "resourceType": "Practitioner",
    "id": "pr-001",
    "meta": {
        "profile": [
            "http://hl7.org/fhir/StructureDefinition/Practitioner"
        ]
    },
  
    "identifier": [
      {
        "use": "official",
        "type": {
          "coding": [
            {
              "code": "MD",
              "system": "http://terminology.hl7.org/CodeSystem/v2-0203",
              "display": "Medical License number"
            }
          ],
          "text": "Numero de License Médicale du Québec"
        },
        "value": "000002516"
      }
    ],
    "name": [
      {
        "use": "official",
        "family": "Dujardin",
        "given": ["Patrick"],
        "prefix": ["Dr."]
      }
    ]
  }