{
  "resourceType": "ServiceRequest",
  "id": "sr-001",
  "meta": {
    "profile": [
      "http://fhir.cqgc.ferlab.bio/StructureDefinition/cqgc-service-request"
    ]
  },
  "extension": [
    {
      "url": "http://fhir.cqgc.ferlab.bio/StructureDefinition/ref-clin-impression",
      "valueReference": {
        "reference": "ClinicalImpression/ci-001"
      }
    },
    {
      "url": "http://fhir.cqgc.ferlab.bio/StructureDefinition/is-submitted",
      "valueBoolean": false
    }
  ],
  "status": "draft",
  "intent": "order",
  "authoredOn": "2019-05-09T11:00:00+00:00",
  "category": [
    {
      "text": "MedicalRequest"
    }
  ],
  "priority": "routine",
  "code": {
    "coding": [
      {
        "system": "http://fhir.cqgc.ferlab.bio/CodeSystem/service-request-code",
        "code": "WGS",
        "display": "Whole Genome Sequencing"
      }
    ]
  },
  "requester": {
    "reference": "Practitioner/pr-001"
  },
  "subject": {
    "reference": "Patient/pt-001"
  },
  "note": [
    {
      "reference": "Practitioner/pr-001",
      "authorString": "Joe Smith",
      "time": "2019-05-09T11:00:00+00:00",
      "text": "**Statut**: *Incomplète*. **Commentaire** : Manque d'information"
    },
    {
      "reference": "Practitioner/pr-001",
      "authorString": "Joe blo",
      "time": "2019-05-09T11:00:00+00:00",
      "text": "**Statut**: *Approuvée*"
    }
  ]
}