{
    "resourceType": "Specimen",
    "id": "sp000003",
    "meta": {
        "versionId": "1",
        "lastUpdated": "2019-03-09T10:33:38.304+00:00"
    },
    "identifier": [
        {
            "value": "571312",
            "assigner": {
                "reference": "Organisation/LDM_2"
            }
        }
    ],
    "subject": {
        "reference": "Patient/PT000001"
    },
    "parent": [
        {
            "reference": "specimen/SP0093"
        }
    ],
    "type": {
        "coding": [
            {
                "system": "http://fhir.cqgc.ferlab.bio/StructureDefinition/specimen-types",
                "code": "DNA",
                "display": "DNA"
            }
        ]
    }
}