{
    "resourceType": "Task",
    "id": "seq-align-analysis-654789",
    "meta": {
        "profile": [
            "http://fhir.cqgc.ferlab.bio/StructureDefinition/cqgc-sequencing-alignement-analysis"
        ]
    },
    "status": "completed",
    "intent": "order",
    "priority": "routine",
    "focus": {
        "reference": "ServiceRequet/SR93939"
    },
    "Code": {
        "coding": [
            {
                "system": "http://fhir.cqgc.ferlab.bio/CodeSystem/analysis-type",
                "code": "SA",
                "display": "Sequencing Alignment"
            }
        ]
    },
    "for": {
        "reference": "Patient/PA393893",
        "type": "Patient"
    },
    "authoredOn": "2016-10-31T08:25:05+10:00",
    "owner": {
        "reference": "Organization/OR93939",
        "type": "Organization"
    },
    "note": [
        {
            "text": "Key-values Json format "
        }
    ],
    "output": [
        {
            "type": {
                "coding": [
                    {
                        "system": "http://fhir.cqgc.ferlab.bio/CodeSystem/document-format",
                        "code": "CRAM",
                        "display": "CRAM File Format"
                    }
                ]
            },
            "valueReference": {
                "reference": "DocumentReference/DR93983"
            }
        },
        {
            "type": {
                "coding": [
                    {
                        "system": "http://fhir.cqgc.ferlab.bio/CodeSystem/document-format",
                        "code": "CRAI",
                        "display": "CRAI Index File"
                    }
                ]
            },
            "valueReference": {
                "reference": "DocumentReference/DR93984"
            }
        }
    ],
    "extension": [
        {
            "url": "http://fhir.cqgc.ferlab.bio/StructureDefinition/workflow",
            "extension": [
                {
                    "url": "workflowName",
                    "valueString": "Dragen"
                },
                {
                    "url": "workflowVersion",
                    "valueString": "1.1.0"
                },
                {
                    "url": "http://fhir.cqgc.ferlab.bio/StructureDefinition/genome-build",
                    "valueCode": "GRCh38"
                }
            ]
        },
        {
            "url": "http://fhir.cqgc.ferlab.bio/StructureDefinition/sequencing-experiment",
            "extension": [
                {
                    "url": "platform",
                    "valueString": "Illumina"
                },
                {
                    "url": "sequencerID",
                    "valueString": "NB552318"
                },
                {
                    "url": "runName",
                    "valueString": "runNameExample"
                },
                {
                    "url": "runDate",
                    "valueDate": "2014-09-21T11:50:23-05"
                },
                {
                    "url": "runAlias",
                    "valueString": "runAliasExample"
                },
                {
                    "url": "flowcellID",
                    "valueInteger": 0
                },
                {
                    "url": "isPairedEnd",
                    "valueBoolean": true
                },
                {
                    "url": "fragmentSize",
                    "valueInteger": 100
                },
                {
                    "url": "http://fhir.cqgc.ferlab.bio/StructureDefinition/experimental-strategy",
                    "valueCode": "WXS"
                },
                {
                    "url": "labAliquotId",
                    "valueString": "292778s8f"
                },
                {
                    "url": "captureKit",
                    "valueString": "RocheKapaHyperExome"
                },
                {
                    "url": "baitDefinition",
                    "valueString": "KAPA_HyperExome_hg38_capture_targets"
                }
            ]
        }
    ]
}