{
    "resourceType": "CodeSystem",
    "id": "request-status-plus",
    "url": "http://fhir.cqgc.ferlab.bio/CodeSystem/request-status-plus",
    "version": "0.1.0",
    "name": "request-status-plus",
    "title": "ServiceRequest status-plus",
    "status": "draft",
    "experimental": false,
    "publisher": "Ferlab.bio",
    "description": "The added values ​​(specific to our systems) which extend the CodeSystem provided by HL7",
    "caseSensitive": true,
    "content": "complete",
    "count": 3,
    "concept": [
      {
        "code": "accepted",
        "display": "Accepted",
        "definition":"The request that was submitted by the doctor is accepted by the diagnostic laboratory"
      },
      {
        "code": "sequenced",
        "display": "Sequenced",
        "definition":"The files resulting from the sequencing of the genetic material contained in the sample are available"
      },
      {
        "code": "analyzed",
        "display": "Analyzed",
        "definition":"After sequencing, the list of variants is analyzed by geneticists and some mutations have been selected to be included in the final report, which will be edited after the multidisciplinary consultation meeting"
      }
    ],
    "date": "2020-08-20T10:50:16-04:00"
  }