{
    "resourceType": "CodeSystem",
    "id": "service-request-code",
    "url": "http://fhir.cqgc.ferlab.bio/CodeSystem/service-request-code",
    "version": "0.1.0",
    "name": "service-request-code",
    "title": "service request code",
    "status": "draft",
    "experimental": false,
    "publisher": "Ferlab.bio",
    "description": "Codes of service request in our system",
    "caseSensitive": true,
    "content": "complete",
    "count": 3,
    "concept": [
      {
        "code": "WXS",
        "display":"Whole Exome Sequencing",
        "definition":"Process of determining the complete DNA sequence of the genome at a single time",
        "designation":[
          {
            "language":"fr",
            "value":"Séquençage du Génome Entier"
          }
        ]
      },
      {
        "code": "WGS",
        "display":"Whole Genome Sequencing",
        "definition":"Process of determining all of the exons within the genome sequence at a single time",
        "designation":[
          {
            "language":"fr",
            "value":"Séquençage de l'Exome Entier"
          }
        ]
      },
      {
        "code": "GP",
        "display":"Gene Panel",
        "definition":"Process of determining the complete sequences of the indicated gene panel at a single time",
        "designation":[
          {
            "language":"fr",
            "value":"Panel de Gènes"
          }
        ]
      }
    ]
  }