{
    "resourceType": "CodeSystem",
    "id": "fm-structure",
    "url": "http://fhir.cqgc.ferlab.bio/CodeSystem/fm-structure",
    "version": "0.1.0",
    "name": "fm-structure",
    "title": "Family structure code system",
    "status": "draft",
    "experimental": false,
    "publisher": "Ferlab.bio",
    "description": "This field gives possible valueSet of the family structure",
    "caseSensitive": true,
    "content": "complete",
    "count": 10,
    "concept": [
      {
        "code": "SOL",
        "display": "Solo",
        "definition": "Family with only one member (proband alone)"
      },
      {
        "code": "DUO",
        "display": "Duo",
        "definition": "Family with two members"
      },
      {
        "code": "TRI",
        "display": "Trio",
        "definition": "Family with three members"
      },
      {
        "code": "QUA",
        "display": "Quatuor",
        "definition": "Family with four members"
      },
      {
        "code": "QUI",
        "display": "Quintette",
        "definition": "Family with five members"
      },
      {
        "code": "SEX",
        "display": "Sextuor",
        "definition": "Family with six members"
      },
      {
        "code": "SEP",
        "display": "Septuor",
        "definition": "Family with seven members"
      },
      {
        "code": "OCT",
        "display": "Octuor",
        "definition": "Family with eight members"
      },
      {
        "code": "NON",
        "display": "Nonette",
        "definition": "Family with nine members"
      },
      {
        "code": "DIX",
        "display": "Dixtuor",
        "definition": "Family with ten members"
      }
    ],
    "date": "2020-08-13T16:27:34-04:00"
  }