{
    "resourceType": "CodeSystem",
    "id": "blood-relationship",
    "url": "http://fhir.cqgc.ferlab.bio/CodeSystem/blood-relationship",
    "version": "0.1.0",
    "name": "blood-relationship",
    "title": "Blood relationship",
    "status": "draft",
    "experimental": false,
    "publisher": "Ferlab.bio",
    "description": "This field gives us information if the parents of the patient are inbred",
    "caseSensitive": true,
    "content": "complete",
    "count": 3,
    "concept": [
      {
        "code": "Y",
        "display": "Yes",
        "definition":"Consanguinity relationship of the patient's parents",
        "designation":[
          {
            "language":"fr",
            "value":"Oui"
          }
        ]
      },
      {
        "code": "N",
        "display": "No",
        "definition":"No consanguinity relationship of the patient's parents",
        "designation":[
          {
            "language":"fr",
            "value":"Non"
          }
        ]
      },
      {
        "code": "U",
        "display": "Unknown",
        "definition":"Inbreeding relationship unknown to the patient's parents",
        "designation":[
          {
            "language":"fr",
            "value":"Inconnu"
          }
        ]
      }
    ],
    "date": "2020-08-13T10:54:02-04:00"
  }