{
    "resourceType": "CodeSystem",
    "id": "data-category",
    "url": "http://fhir.cqgc.ferlab.bio/CodeSystem/data-category",
    "version": "0.1.0",
    "name": "data-category",
    "title": "Data categories",
    "status": "draft",
    "experimental": false,
    "publisher": "Ferlab.bio",
    "description": "A broad classification of data types",
    "caseSensitive": true,
    "content": "complete",
    "count": 5,
    "concept": [
      {
        "code": "SR",
        "display": "Sequencing Reads",
        "definition":"Sequencing reads",
        "designation":[
          {
            "language":"fr",
            "value":"Fragments de séquençage"
          }
        ]
      },
      {
        "code": "SNV",
        "display": "Simple Nucleotide Variations",
        "definition":"Simple nucleotide variations",
        "designation":[
          {
            "language":"fr",
            "value":"Variations nucléotidiques simples"
          }
        ]
      },
      {
        "code": "CLIN",
        "display": "Clinical",
        "definition":"Clinical",
        "designation":[
          {
            "language":"fr",
            "value":"Clinique"
          }
        ]
      },
      {
        "code": "PA",
        "display": "Patient Consent",
        "definition":"Patient consent",
        "designation":[
          {
            "language":"fr",
            "value":"Consentement de patient"
          }
        ]
      },
      {
        "code": "RE",
        "display": "Sequencing Report",
        "definition":"Sequencing report",
        "designation":[
          {
            "language":"fr",
            "value":"Rapport de séquençage"
          }
        ]
      }
    ]
  }