{
    "resourceType": "CodeSystem",
    "id": "organization-type-plus",
    "url": "http://fhir.cqgc.ferlab.bio/CodeSystem/organization-type-plus",
    "version": "0.1.0",
    "name": "organization-type-plus",
    "title": "Organization type-plus",
    "status": "draft",
    "experimental": false,
    "publisher": "Ferlab.bio",
    "description": "The added values ​​(specific to our systems) which extend the CodeSystem provided by HL7",
    "caseSensitive": true,
    "content": "complete",
    "count": 1,
    "concept": [
      {
        "code": "labdx",
        "display": "Diagnostic Laboratory",
        "definition":"Laboratory that processes the sample sent by medical service",
        "designation":[
            {
              "language":"fr",
              "value":"Laboratoire de diagnostic"
            }
        ]
      }
    ],
    "date": "2020-08-20T09:46:56-04:00"
  }