{
    "resourceType": "CodeSystem",
    "id": "qc-ethnicity",
    "url": "http://fhir.cqgc.ferlab.bio/CodeSystem/qc-ethnicity",
    "version": "0.1.0",
    "name": "qc-ethnicity",
    "title": "Ethnicites in Quebec",
    "status": "draft",
    "experimental": false,
    "publisher": "Ferlab.bio",
    "description": "Classification of people living in Quebec in a named category of humans sharing a common history, geographic origin or nationality. The ethnic codes used to represent these concepts are based on a list provided by the genomic sequencing center",
    "caseSensitive": true,
    "content": "complete",
    "count": 9,
    "concept": [
      {
        "code": "CA-FR",
        "display": "French Canadian",
        "definition":"Descendants of the First Nations of the St. Lawrence Valley",
        "designation":[
          {
            "language":"fr",
            "value":"Canadien Francais"
          }
        ]
      },
      {
        "code": "EU",
        "display": "European Caucasia",
        "definition":"Anyone from or whose ancestors originate from the European continent (excluding French Canadians).",
        "designation":[
          {
            "language":"fr",
            "value":"Caucasien Européen"
          }
        ]
      },
      {
        "code": "AFR",
        "display": "African or Carabean",
        "definition":"Person belonging to ethnic group with total or partial ancestry from any of the black racial groups of Africa.",
        "designation":[
          {
            "language":"fr",
            "value":"Africain ou caribéen"
          }
        ]
      },
      {
        "code": "LAT- AM",
        "display": "Hispanic and Latino Americans",
        "definition":"Canadian or Quebecois who are descendants of people from Latin America",
        "designation":[
          {
            "language":"fr",
            "value":"Hispanique"
          }
        ]
        
      },
      {
        "code": "ES-AS",
        "display": "East and Southeast Asian",
        "definition":"Canadian or Quebecois who are descendants of people from east and southeast asia",
        "designation":[
          {
            "language":"fr",
            "value":"Asiatique de l'est et du sud-est"
          }
        ]
      },
      {
        "code": "SO-AS",
        "display": "South Asian",
        "definition":"Canadian or Quebecois who are descendants of people from south asia",
        "designation":[
          {
            "language":"fr",
            "value":"Asiatique du sud"
          }
        ]
      },
      {
        "code": "ABOR",
        "display": "Aboriginal",
        "definition":"Person who are descendants of the natives or the indigenous peoples of the Americas",
        "designation":[
          {
            "language":"fr",
            "value":"Amérindien"
          }
        ]
      },
      {
        "code": "MIX",
        "display": "Mixted descent",
        "definition":"Individual descending from more than one ethnic group",
        "designation":[
          {
            "language":"fr",
            "value":"Origine mixte"
          }
        ]
      },
      {
        "code": "OTH",
        "display": "Other",
        "definition":"Other ethnicity",
        "designation":[
          {
            "language":"fr",
            "value":"Autre"
          }
        ]
      }
    ]
  }