{
    "resourceType": "CodeSystem",
    "id": "fmh-relationship-plus",
    "url": "http://fhir.cqgc.ferlab.bio/CodeSystem/fmh-relationship-plus",
    "version": "0.1.0",
    "name": "fmh-relationship-plus",
    "title": "FMH relationship-plus",
    "status": "draft",
    "experimental": false,
    "publisher": "Ferlab.bio",
    "description": "The added values ​​(specific to our systems) which extend the CodeSystem provided by HL7",
    "caseSensitive": true,
    "content": "complete",
    "count": 2,
    "concept": [
      {
        "code": "MATMEM",
        "display": "Maternal Member",
        "definition":"This value is indicated if the position of the member in the maternal branch is unknown",
        "designation":[
            {
              "language":"fr",
              "value":"Membre de la branche maternelle"
            }
        ]
      },
      {
        "code": "PATMEM",
        "display": "Paternal Member",
        "definition":"This value is indicated if the position of the member in the paternal branch is unknown",
        "designation":[
            {
              "language":"fr",
              "value":"Membre de la branche paternelle"
            }
        ]
      }
    ],
    "date": "2020-08-13T10:54:37-04:00"
  }