{
    "resourceType": "CodeSystem",
    "id": "observation-code",
    "url": "http://fhir.cqgc.ferlab.bio/CodeSystem/observation-code",
    "version": "0.1.0",
    "name": "observation-code",
    "title": "observation code",
    "status": "draft",
    "experimental": false,
    "publisher": "Ferlab.bio",
    "description": "Codes of observations in our system",
    "caseSensitive": true,
    "content": "complete",
    "count": 4,
    "concept": [
      {
        "code": "CGH",
        "display":"cgh",
        "definition": "Comparative genomic hybridization",
        "designation":[
          {
            "language":"fr",
            "value":"Hybridation génomique comparative"
          }
        ]
      },
      {
        "code": "INDIC",
        "display":"indications",
        "definition": "Diagnostic hypothesis (s)",
        "designation":[
          {
            "language":"fr",
            "value":"Hypothèse(s) diagnostique"
          }
        ]
      },
      {
        "code": "INVES",
        "display": "investigations",
        "definition": "Clinical summary with all the investigations carried out in the context of the patient's pathology",
        "designation":[
          {
            "language":"fr",
            "value":"Résumé du tableau clinique avec l’ensemble des investigations réalisées dans le cadre de la pathologie du patient"
          }
        ]
      },
      {
        "code": "PHENO",
        "display": "phenotype",
        "definition": "Clinical sign observed in the patient - reported by the doctor following the physical examination or questioning of the patient",
        "designation":[
          {
            "language":"fr",
            "value":"Signe clinique relevé chez le patient - rapporté par le médecin a la suite de l'examen physique ou l'interrogatoire du patient"
          }
        ]
      }
    ]
  }