{
    "resourceType": "ValueSet",
    "id": "request-status",
    "url": "http://fhir.cqgc.ferlab.bio/ValueSet/request-status",
    "version": "0.1.0",
    "name": "request-status",
    "title": "ServiceRequest status",
    "status": "draft",
    "experimental": false,
    "publisher": "Ferlab.bio",
    "description": "Values ​​assigned to the request status",
    "compose": {
      "include": [
        {
          "system": "http://hl7.org/fhir/request-status",
          "concept": [
            {
              "code": "draft",
              "display": "Draft"
            },
            {
                "code": "on-hold",
                "display": "On Hold"
            },
            {
                "code": "revoked",
                "display": "Revoked"
            },
            {
                "code": "completed",
                "display": "Completed"
            }

          ]
        },
        {
          "system": "http://fhir.cqgc.ferlab.bio/CodeSystem/request-status-plus"
        }
      ]
    },
    "date": "2020-08-20T10:53:21-04:00"
  }