{
    "resourceType": "ValueSet",
    "id": "service-request-code",
    "url": "http://fhir.cqgc.ferlab.bio/ValueSet/service-request-code",
    "version": "0.1.0",
    "name": "service-request-code",
    "title": "Service request code",
    "status": "draft",
    "experimental": false,
    "publisher": "Ferlab.bio",
    "description": "Codes of service request in our system",
    "compose": {
      "include": [
        {
          "system": "http://fhir.cqgc.ferlab.bio/CodeSystem/service-request-code"
        }
      ]
    }
  }