{
  "resourceType": "ValueSet",
  "id": "qc-ethnicity",
  "url": "http://fhir.cqgc.ferlab.bio/ValueSet/qc-ethnicity",
  "version": "0.1.0",
  "name": "qc-ethnicity",
  "title": "Qc ethnicity",
  "status": "draft",
  "experimental": false,
  "publisher": "Ferlab.bio",
  "description": "Classification og people living in Quebec in a named category of humans sharing a common history, geographic origin or nationality. The ethnic codes used to represent these concepts are based on a list provided by the genomic sequencing center",
  "compose": {
    "include": [
      {
        "system": "http://fhir.cqgc.ferlab.bio/CodeSystem/qc-ethnicity"
      }
    ]
  }
}