{
    "resourceType": "ValueSet",
    "id": "organization-type",
    "url": "http://fhir.cqgc.ferlab.bio/ValueSet/organization-type",
    "version": "0.1.0",
    "name": "organization-type",
    "title": "Organization type",
    "status": "draft",
    "experimental": false,
    "publisher": "Ferlab.bio",
    "description": "Types of organization",
    "compose": {
      "include": [
        {
          "system": "http://terminology.hl7.org/CodeSystem/organization-type",
          "concept": [
            {
              "code": "prov",
              "display": "Healthcare Provider",
              "designation": [
                {
                  "language": "fr",
                  "value": "Prestataire de santé"
                }
              ]
            },
            {
                "code": "dept",
                "display": "Hospital Department",
                "designation": [
                  {
                    "language": "fr",
                    "value": "Département hospitalier"
                  }
                ]
            },
            {
                "code": "other",
                "display": "Other",
                "designation": [
                  {
                    "language": "fr",
                    "value": "Autre"
                  }
                ]
            }
          ]
        },
        {
          "system": "http://fhir.cqgc.ferlab.bio/CodeSystem/organization-type-plus"
        }
      ]
    },
    "date": "2020-08-20T11:23:24-04:00"
  }