{
    "resourceType": "ValueSet",
    "id": "fm-structure",
    "url": "http://fhir.cqgc.ferlab.bio/ValueSet/fm-structure",
    "version": "0.1.0",
    "name": "fm-structure",
    "title": "Family structure valueSet",
    "status": "draft",
    "experimental": false,
    "publisher": "Ferlab.bio",
    "description": "This field gives possible valueSet of the family structure",
    "compose": {
      "include": [
        {
          "system": "http://fhir.cqgc.ferlab.bio/CodeSystem/fm-structure"
        }
      ]
    },
    "date": "2020-08-13T16:27:34-04:00"
  }