{
  "resourceType": "ValueSet",
  "id": "hpo-category",
  "url": "http://fhir.cqgc.ferlab.bio/ValueSet/hpo-category",
  "version": "0.1.0",
  "name": "hpo-category",
  "title": "HPO category",
  "status": "draft",
  "experimental": false,
  "publisher": "Ferlab.bio",
  "description": "Category of anomaly (HPO code)",
  "compose": {
    "include": [
      {
        "system": "http://purl.obolibrary.org/obo/hp.owl",
        "concept": [
          {
            "code": "HP:0001197",
            "display": "Abnormality of prenatal development or birth",
            "designation": [
              {
                "language": "fr",
                "value": "Anomalie du développement prénatal ou de la naissance"
              }
            ]
          },
          {
            "code": "HP:0001507",
            "display": "Growth abnormality",
            "designation": [
              {
                "language": "fr",
                "value": "Anomalie de la croissance"
              }
            ]
          },
          {
            "code": "HP:0000478",
            "display": "Abnormality of the eye",
            "designation": [
              {
                "language": "fr",
                "value": "Anomalie oculaire"
              }
            ]
          },
          {
            "code": "HP:0000598",
            "display": "Abnormality of the ear",
            "designation": [
              {
                "language": "fr",
                "value": "Anomalie de l'oreille"
              }
            ]
          },
          {
            "code": "HP:0001574",
            "display": "Abnormality of the integument",
            "designation": [
              {
                "language": "fr",
                "value": "Anomalie des téguments"
              }
            ]
          },
          {
            "code": "HP:0001626",
            "display": "Abnormality of the cardiovascular system",
            "designation": [
              {
                "language": "fr",
                "value": "Anomalie du système cardiovasculaire"
              }
            ]
          },
          {
            "code": "HP:0002086",
            "display": "Abnormality of the respiratory system",
            "designation": [
              {
                "language": "fr",
                "value": "Anomalie du système respiratoire"
              }
            ]
          },
          {
            "code": "HP:0000924",
            "display": "Abnormality of the skeletal system",
            "designation": [
              {
                "language": "fr",
                "value": "Anomalie du système musculosquelettique"
              }
            ]
          },
          {
            "code": "HP:0003011",
            "display": "Abnormality of the musculature",
            "designation": [
              {
                "language": "fr",
                "value": "Anomalie de la musculature"
              }
            ]
          },
          {
            "code": "HP:0000119",
            "display": "Abnormality of the genitourinary system",
            "designation": [
              {
                "language": "fr",
                "value": "Anomalie du système génito-urinaire"
              }
            ]
          },
          {
            "code": "HP:0025031",
            "display": "Abnormality of the digestive system",
            "designation": [
              {
                "language": "fr",
                "value": "Anomalie du système digestif"
              }
            ]
          },
          {
            "code": "HP:0000152",
            "display": "Abnormality of head or neck",
            "designation": [
              {
                "language": "fr",
                "value": "Anomalie de la tête ou du cou"
              }
            ]
          },
          {
            "code": "HP:0000707",
            "display": "Abnormality of the nervous system",
            "designation": [
              {
                "language": "fr",
                "value": "Anomalie du système nerveux"
              }
            ]
          }
        ]
      }
    ]
  },
  "date": "2020-08-13T10:49:27-04:00"
}