{
    "resourceType": "StructureDefinition",
    "id": "status-history",
    "url": "http://fhir.cqgc.ferlab.bio/StructureDefinition/status-history",
    "version": "0.1.0",
    "name": "status-history",
    "title": "Status history",
    "status": "draft",
    "description": "History of the status of the request",
    "fhirVersion": "4.0.1",
    "kind": "resource",
    "abstract": false,
    "context": [
      {
        "type": "element",
        "expression": "ServiceRequest"
      }
    ],
    "type": "Extension",
    "baseDefinition": "http://hl7.org/fhir/StructureDefinition/Extension",
    "derivation": "constraint",
    "differential": {
      "element": [
        {
          "id": "Extension",
          "path": "Extension",
          "short": "Status history",
          "definition": "History of the status of the request",
          "min": 1,
          "max": "1",
          "mustSupport": true,
          "isModifier": false
        },
        {
          "id": "Extension.extension",
          "path": "Extension.extension"
        },
        {
          "id": "Extension.url",
          "path": "Extension.url",
          "type": [
            {
              "code": "uri"
            }
          ],
          "fixedUri": "http://fhir.cqgc.ferlab.bio/StructureDefinition/status-history"
        },
        {
          "id": "Extension.value[x]",
          "path": "Extension.value[x]",
          "type": [
            {
              "code": "Annotation"
            }
          ]
        }
      ]
    },
    "date": "2020-08-20T13:18:01-04:00"
  }