{
  "resourceType": "StructureDefinition",
  "id": "age-at-event",
  "url": "http://fhir.cqgc.ferlab.bio/StructureDefinition/age-at-event",
  "version": "0.1.0",
  "name": "age-at-event",
  "title": "Age At Event",
  "status": "draft",
  "description": "Patient's age (in days since birth) at the time of medical consultation",
  "fhirVersion": "4.0.1",
  "kind": "complex-type",
  "abstract": false,
  "context": [
    {
      "type": "element",
      "expression": "ClinicalImpression"
    }
  ],
  "type": "Extension",
  "baseDefinition": "http://hl7.org/fhir/StructureDefinition/Extension",
  "derivation": "constraint",
  "differential": {
    "element": [
      {
        "id": "Extension",
        "path": "Extension",
        "short": "Age at event",
        "definition": "Age at the time of medical consultation",
        "min": 0,
        "max": "1",
        "mustSupport": true,
        "isModifier": false
      },
      {
        "id": "Extension.extension",
        "path": "Extension.extension"
      },
      {
        "id": "Extension.url",
        "path": "Extension.url",
        "type": [
          {
            "code": "uri"
          }
        ],
        "fixedUri": "http://fhir.cqgc.ferlab.bio/StructureDefinition/age-at-event"
      },
      {
        "id": "Extension.value[x]",
        "path": "Extension.value[x]",
        "type": [
          {
            "code": "Age"
          }
        ]
      }
    ]
  },
  "date": "2020-08-04T15:39:58-04:00"
}
