{
    "resourceType": "StructureDefinition",
    "id": "is-proband",
    "url": "http://fhir.cqgc.ferlab.bio/StructureDefinition/is-proband",
    "version": "0.1.0",
    "name": "is-proband",
    "title": "Patient is a proband",
    "status": "draft",
    "description": "Allows to know if the patient is a proband or not",
    "fhirVersion": "4.0.1",
    "kind": "primitive-type",
    "abstract": false,
    "context": [
      {
        "type": "element",
        "expression": "Patient"
      }
    ],
    "type": "Extension",
    "baseDefinition": "http://hl7.org/fhir/StructureDefinition/Extension",
    "derivation": "constraint",
    "differential": {
      "element": [
        {
          "id": "Extension",
          "path": "Extension",
          "short": "Patient is a proband",
          "definition": "Allows to know if the patient is a proband or not",
          "min": 1,
          "max": "1",
          "mustSupport": true,
          "isModifier": false
        },
        {
          "id": "Extension.extension",
          "path": "Extension.extension"
        },
        {
          "id": "Extension.url",
          "path": "Extension.url",
          "type": [
            {
              "code": "uri"
            }
          ],
          "fixedUri": "http://fhir.cqgc.ferlab.bio/StructureDefinition/is-proband"
        },
        {
          "id": "Extension.value[x]",
          "path": "Extension.value[x]",
          "type": [
            {
              "code": "boolean"
            }
          ]
        }
      ]
    },
    "date": "2020-08-12T13:29:08-04:00"
  }