{
    "resourceType": "StructureDefinition",
    "id": "family-id",
    "url": "http://fhir.cqgc.ferlab.bio/StructureDefinition/family-id",
    "version": "0.1.0",
    "name": "family-id",
    "title": "Family ID",
    "status": "draft",
    "description": "Refers to the family identifier which is a Group",
    "fhirVersion": "4.0.1",
    "kind": "resource",
    "abstract": false,
    "context": [
      {
        "type": "element",
        "expression": "Patient"
      }
    ],
    "type": "Extension",
    "baseDefinition": "http://hl7.org/fhir/StructureDefinition/Extension",
    "derivation": "constraint",
    "differential": {
      "element": [
        {
          "id": "Extension",
          "path": "Extension",
          "short": "Family ID",
          "definition": "Refers to the family identifier which is a Group",
          "min": 0,
          "max": "1",
          "mustSupport": true,
          "isModifier": false
        },
        {
          "id": "Extension.extension",
          "path": "Extension.extension"
        },
        {
          "id": "Extension.url",
          "path": "Extension.url",
          "type": [
            {
              "code": "uri"
            }
          ],
          "fixedUri": "http://fhir.cqgc.ferlab.bio/StructureDefinition/family-id"
        },
        {
          "id": "Extension.value[x]",
          "path": "Extension.value[x]",
          "type": [
            {
              "code": "Reference"
            }
          ]
        }
      ]
    },
    "date": "2020-08-14T12:10:07-04:00"
  }