{
    "resourceType": "StructureDefinition",
    "id": "fm-structure",
    "url": "http://fhir.cqgc.ferlab.bio/StructureDefinition/fm-structure",
    "version": "0.1.0",
    "name": "fm-structure",
    "title": "Family structure",
    "status": "draft",
    "description": "Definition of the structure of the family, relating to the number of individuals belonging to it",
    "fhirVersion": "4.0.1",
    "kind": "complex-type",
    "abstract": false,
    "context": [
      {
        "type": "element",
        "expression": "Group"
      }
    ],
    "type": "Extension",
    "baseDefinition": "http://hl7.org/fhir/StructureDefinition/Extension",
    "derivation": "constraint",
    "differential": {
      "element": [
        {
          "id": "Extension",
          "path": "Extension",
          "short": "Family structure",
          "definition": "Definition of the structure of the family, relating to the number of individuals belonging to it",
          "min": 0,
          "max": "1",
          "mustSupport": true,
          "isModifier": false
        },
        {
          "id": "Extension.extension",
          "path": "Extension.extension"
        },
        {
          "id": "Extension.url",
          "path": "Extension.url",
          "type": [
            {
              "code": "uri"
            }
          ],
          "fixedUri": "http://fhir.cqgc.ferlab.bio/StructureDefinition/fm-structure"
        },
        {
          "id": "Extension.value[x]",
          "path": "Extension.value[x]",
          "type": [
            {
              "code": "Coding"
            }
          ],
          "binding": {
            "strength": "required",
            "description": "Rtructure of the family, relating to the number of individuals belonging to it. The possible values ​​of which are limited to a list defined in a ValueSet source",
            "valueSet": "http://fhir.cqgc.ferlab.bio/ValueSet/fm-structure"
          }
        }
      ]
    },
    "date": "2020-08-13T15:52:39-04:00"
  }