{
  "resourceType": "StructureDefinition",
  "id": "is-submitted",
  "url": "http://fhir.cqgc.ferlab.bio/StructureDefinition/is-submitted",
  "version": "0.1.0",
  "name": "is-submitted",
  "title": "Request is submitted",
  "status": "draft",
  "description": "Whether the Service Request is submitted or not",
  "fhirVersion": "4.0.1",
  "kind": "primitive-type",
  "abstract": false,
  "context": [
    {
      "type": "element",
      "expression": "ServiceRequest"
    }
  ],
  "type": "Extension",
  "baseDefinition": "http://hl7.org/fhir/StructureDefinition/Extension",
  "derivation": "constraint",
  "differential": {
    "element": [
      {
        "id": "Extension",
        "path": "Extension",
        "short": "Service Request is submitted",
        "definition": "Whether the Service Request is submitted or not",
        "min": 1,
        "max": "1",
        "mustSupport": true,
        "isModifier": false
      },
      {
        "id": "Extension.extension",
        "path": "Extension.extension"
      },
      {
        "id": "Extension.url",
        "path": "Extension.url",
        "type": [
          {
            "code": "uri"
          }
        ],
        "fixedUri": "http://fhir.cqgc.ferlab.bio/StructureDefinition/is-submitted"
      },
      {
        "id": "Extension.value[x]",
        "path": "Extension.value[x]",
        "type": [
          {
            "code": "boolean"
          }
        ]
      }
    ]
  },
  "date": "2020-12-16T13:29:08-04:00"
}