{
    "resourceType": "StructureDefinition",
    "id": "analysis-type",
    "url": "http://fhir.cqgc.ferlab.bio/StructureDefinition/analysis-type",
    "version": "0.1.0",
    "name": "analysis-type",
    "title": "Analysis types",
    "status": "draft",
    "description": "A list of sequencing data analyses",
    "fhirVersion": "4.0.1",
    "kind": "complex-type",
    "abstract": false,
    "context": [
      {
        "type": "element",
        "expression": "Patient"
      }
    ],
    "type": "Extension",
    "baseDefinition": "http://hl7.org/fhir/StructureDefinition/Extension",
    "derivation": "constraint",
    "differential": {
      "element": [
        {
          "id": "Extension",
          "path": "Extension",
          "short": "analysis-type",
          "definition": "Analysis types",
          "min": 0,
          "max": "1",
          "mustSupport": true,
          "isModifier": false
        },
        {
          "id": "Extension.extension",
          "path": "Extension.extension"
        },
        {
          "id": "Extension.url",
          "path": "Extension.url",
          "type": [
            {
              "code": "uri"
            }
          ],
          "fixedUri": "http://fhir.cqgc.ferlab.bio/StructureDefinition/analysis-type"
        },
        {
          "id": "Extension.value[x]",
          "path": "Extension.value[x]",
          "type": [
            {
              "code": "Coding"
            }
          ],
          "binding": {
            "strength": "required",
            "description": "A list of sequencing data analyses",
            "valueSet": "http://fhir.cqgc.ferlab.bio/ValueSet/analysis-type"
          }
        }
      ]
    },
    "date": "2020-08-12T13:29:08-04:00"
  }