{
  "resourceType": "StructureDefinition",
  "id": "cqgc-observation",
  "url": "http://fhir.cqgc.ferlab.bio/StructureDefinition/cqgc-observation",
  "version": "0.1.0",
  "name": "cqgc-observation",
  "title": "cqgc observation",
  "status": "draft",
  "fhirVersion": "4.0.1",
  "kind": "resource",
  "abstract": false,
  "type": "Observation",
  "baseDefinition": "http://hl7.org/fhir/StructureDefinition/Observation",
  "derivation": "constraint",
  "differential": {
    "element": [
      {
        "id": "Observation",
        "path": "Observation"
      },
      {
        "id": "Observation.extension",
        "path": "Observation.extension"
      },
      {
        "id": "Observation.extension:age-at-onset",
        "path": "Observation.extension",
        "sliceName": "age-at-onset",
        "sliceIsConstraining": false,
        "label": "age_at_onset",
        "short": "Age range during which the anomaly occurred",
        "definition": "Period of life during which the phenotype was noted. The value reverts to an HPO code",
        "min": 0,
        "max": "1",
        "type": [
          {
            "code": "Extension",
            "profile": [
              "http://fhir.cqgc.ferlab.bio/StructureDefinition/age-at-onset"
            ]
          }
        ],
        "mustSupport": true,
        "isModifier": false
      },
      {
        "id": "Observation.extension:hpo-category",
        "path": "Observation.extension",
        "sliceName": "hpo-category",
        "sliceIsConstraining": false,
        "label": "hpo-category",
        "short": "Category of anomaly (HPO code)",
        "definition": "Category of anomaly (HPO code)",
        "min": 0,
        "max": "1",
        "type": [
          {
            "code": "Extension",
            "profile": [
              "http://fhir.cqgc.ferlab.bio/StructureDefinition/hpo-category"
            ]
          }
        ],
        "mustSupport": true,
        "isModifier": false
      },
      {
        "id": "Observation.identifier",
        "path": "Observation.identifier",
        "max": "0"
      },
      {
        "id": "Observation.basedOn",
        "path": "Observation.basedOn",
        "max": "0"
      },
      {
        "id": "Observation.partOf",
        "path": "Observation.partOf",
        "max": "0"
      },
      {
        "id": "Observation.code",
        "path": "Observation.code",
        "type": [
          {
            "code": "CodeableConcept"
          }
        ],
        "binding": {
          "strength": "required",
          "description": "Observations codes",
          "valueSet": "http://fhir.cqgc.ferlab.bio/ValueSet/observation-code"
        }
      },
      {
        "id": "Observation.encounter",
        "path": "Observation.encounter",
        "max": "0"
      },
      {
        "id": "Observation.effective[x]",
        "path": "Observation.effective[x]",
        "max": "0"
      },
      {
        "id": "Observation.issued",
        "path": "Observation.issued",
        "max": "0"
      },
      {
        "id": "Observation.performer",
        "path": "Observation.performer",
        "max": "0"
      },
      {
        "id": "Observation.value[x]",
        "path": "Observation.value[x]",
        "type": [
          {
            "code": "CodeableConcept"
          }
        ]
      },
      {
        "id": "Observation.dataAbsentReason",
        "path": "Observation.dataAbsentReason",
        "max": "0"
      },
      {
        "id": "Observation.bodySite",
        "path": "Observation.bodySite",
        "max": "0"
      },
      {
        "id": "Observation.method",
        "path": "Observation.method",
        "max": "0"
      },
      {
        "id": "Observation.specimen",
        "path": "Observation.specimen",
        "max": "0"
      },
      {
        "id": "Observation.device",
        "path": "Observation.device",
        "max": "0"
      },
      {
        "id": "Observation.referenceRange",
        "path": "Observation.referenceRange",
        "max": "0"
      },
      {
        "id": "Observation.hasMember",
        "path": "Observation.hasMember",
        "max": "0"
      },
      {
        "id": "Observation.derivedFrom",
        "path": "Observation.derivedFrom",
        "max": "0"
      },
      {
        "id": "Observation.component",
        "path": "Observation.component",
        "max": "0"
      }
    ]
  },
  "date": "2020-08-12T13:19:14-04:00"
}
