{
    "resourceType": "StructureDefinition",
    "id": "cqgc-fmh",
    "url": "http://fhir.cqgc.ferlab.bio/StructureDefinition/cqgc-fmh",
    "version": "0.1.0",
    "name": "cqgc-fmh",
    "title": "cqgc FMH",
    "status": "draft",
    "fhirVersion": "4.0.1",
    "kind": "resource",
    "abstract": false,
    "type": "FamilyMemberHistory",
    "baseDefinition": "http://hl7.org/fhir/StructureDefinition/FamilyMemberHistory",
    "derivation": "constraint",
    "differential": {
      "element": [
        {
          "id": "FamilyMemberHistory",
          "path": "FamilyMemberHistory"
        },
        {
          "id": "FamilyMemberHistory.identifier",
          "path": "FamilyMemberHistory.identifier",
          "max": "0"
        },
        {
          "id": "FamilyMemberHistory.instantiatesCanonical",
          "path": "FamilyMemberHistory.instantiatesCanonical",
          "max": "0"
        },
        {
          "id": "FamilyMemberHistory.instantiatesUri",
          "path": "FamilyMemberHistory.instantiatesUri",
          "max": "0"
        },
        {
          "id": "FamilyMemberHistory.dataAbsentReason",
          "path": "FamilyMemberHistory.dataAbsentReason",
          "max": "0"
        },
        {
          "id": "FamilyMemberHistory.name",
          "path": "FamilyMemberHistory.name",
          "max": "0"
        },
        {
          "id": "FamilyMemberHistory.relationship",
          "path": "FamilyMemberHistory.relationship",
          "type": [
            {
              "code": "CodeableConcept"
            }
          ],
          "binding": {
            "strength": "required",
            "description": "FMH relashionship",
            "valueSet": "http://fhir.cqgc.ferlab.bio/ValueSet/fmh-relationship"
          }
        },
        {
          "id": "FamilyMemberHistory.born[x]",
          "path": "FamilyMemberHistory.born[x]",
          "max": "0"
        },
        {
          "id": "FamilyMemberHistory.age[x]",
          "path": "FamilyMemberHistory.age[x]",
          "max": "0"
        },
        {
          "id": "FamilyMemberHistory.estimatedAge",
          "path": "FamilyMemberHistory.estimatedAge",
          "max": "0"
        },
        {
          "id": "FamilyMemberHistory.deceased[x]",
          "path": "FamilyMemberHistory.deceased[x]",
          "max": "0"
        },
        {
          "id": "FamilyMemberHistory.reasonCode",
          "path": "FamilyMemberHistory.reasonCode",
          "max": "0"
        },
        {
          "id": "FamilyMemberHistory.reasonReference",
          "path": "FamilyMemberHistory.reasonReference",
          "max": "0"
        },
        {
          "id": "FamilyMemberHistory.condition",
          "path": "FamilyMemberHistory.condition",
          "max": "0"
        }
      ]
    },
    "date": "2020-08-04T12:07:30-04:00"
  }