{
  "resourceType": "StructureDefinition",
  "id": "cqgc-patient",
  "url": "http://fhir.cqgc.ferlab.bio/StructureDefinition/cqgc-patient",
  "version": "0.1.0",
  "name": "cqgc-patient",
  "title": "cqgc Patient",
  "status": "draft",
  "fhirVersion": "4.0.1",
  "kind": "resource",
  "abstract": false,
  "type": "Patient",
  "baseDefinition": "http://hl7.org/fhir/StructureDefinition/Patient",
  "derivation": "constraint",
  "differential": {
    "element": [
      {
        "id": "Patient",
        "path": "Patient"
      },
      {
        "id": "Patient.extension",
        "path": "Patient.extension",
        "slicing": {
          "discriminator": [
            {
              "type": "value",
              "path": "url"
            }
          ],
          "ordered": false,
          "rules": "open"
        }
      },
      {
        "id": "Patient.extension:qc-ethnicity",
        "path": "Patient.extension",
        "sliceName": "qc-ethnicity",
        "sliceIsConstraining": false,
        "short": "QC Ethnicity Extension",
        "definition": "Concepts classifying people living in Quebec in a named category of humans sharing a common history, geographic origin or nationality. The ethnic codes used to represent these concepts are based on a list provided by the genomic sequencing center",
        "min": 0,
        "max": "1",
        "type": [
          {
            "code": "Extension",
            "profile": [
              "http://fhir.cqgc.ferlab.bio/StructureDefinition/qc-ethnicity"
            ]
          }
        ],
        "mustSupport": true,
        "isModifier": false
      },
      {
        "id": "Patient.extension:family-id",
        "path": "Patient.extension",
        "sliceName": "family-id",
        "sliceIsConstraining": false,
        "label": "family-id",
        "short": "Family (Group) ID",
        "definition": "Refers to the family identifier which is a Group",
        "min": 0,
        "max": "1",
        "type": [
          {
            "code": "Extension",
            "profile": [
              "http://fhir.cqgc.ferlab.bio/StructureDefinition/family-id"
            ]
          }
        ],
        "mustSupport": true,
        "isModifier": false
      },
      {
        "id": "Patient.extension:is-proband",
        "path": "Patient.extension",
        "sliceName": "is-proband",
        "short": "Position of cqgc Patient",
        "definition": "Allows to know if the patient is a proband or not",
        "min": 0,
        "max": "1",
        "type": [
          {
            "code": "Extension",
            "profile": [
              "http://fhir.cqgc.ferlab.bio/StructureDefinition/is-proband"
            ]
          }
        ],
        "mustSupport": true,
        "isModifier": false
      },
      {
        "id": "Patient.extension:blood-relationship",
        "path": "Patient.extension",
        "sliceName": "blood-relationship",
        "short": "Parents' consanguinity concept",
        "definition": "This field gives us information if the parents are inbred",
        "min": 0,
        "max": "1",
        "type": [
          {
            "code": "Extension",
            "profile": [
              "http://fhir.cqgc.ferlab.bio/StructureDefinition/blood-relationship"
            ]
          }
        ],
        "mustSupport": true,
        "isModifier": false
      },
      {
        "id": "Patient.telecom",
        "path": "Patient.telecom",
        "max": "0"
      },
      {
        "id": "Patient.deceased[x]",
        "path": "Patient.deceased[x]",
        "max": "0"
      },
      {
        "id": "Patient.address",
        "path": "Patient.address",
        "max": "0"
      },
      {
        "id": "Patient.maritalStatus",
        "path": "Patient.maritalStatus",
        "max": "0"
      },
      {
        "id": "Patient.multipleBirth[x]",
        "path": "Patient.multipleBirth[x]",
        "max": "0"
      },
      {
        "id": "Patient.photo",
        "path": "Patient.photo",
        "max": "0"
      },
      {
        "id": "Patient.contact",
        "path": "Patient.contact",
        "max": "0"
      },
      {
        "id": "Patient.communication",
        "path": "Patient.communication",
        "max": "0"
      }
    ]
  },
  "date": "2020-08-14T12:07:27-04:00"
}