{
    "resourceType": "StructureDefinition",
    "id": "cqgc-organization",
    "url": "http://fhir.cqgc.ferlab.bio/StructureDefinition/cqgc-organization",
    "version": "0.1.0",
    "name": "cqgc-service-request",
    "title": "cqgc Service Request",
    "status": "draft",
    "fhirVersion": "4.0.1",
    "kind": "resource",
    "abstract": false,
    "type": "Organization",
    "baseDefinition": "http://hl7.org/fhir/StructureDefinition/Organization",
    "derivation": "constraint",
    "differential": {
      "element": [
        {
          "id": "Organization",
          "path": "Organization"
        },
        {
          "id": "Organization.type",
          "path": "Organization.type",
          "binding": {
            "strength": "required",
            "description": "Organization type",
            "valueSet": "http://fhir.cqgc.ferlab.bio/ValueSet/organization-type"
          }
        }
      ]
    },
    "date": "2020-08-20T12:43:39-04:00"
  }