{
    "resourceType": "StructureDefinition",
    "id": "cqgc-family-group",
    "url": "http://fhir.cqgc.ferlab.bio/StructureDefinition/cqgc-family-group",
    "version": "0.1.0",
    "name": "cqgc-family-group",
    "title": "cqgc Family",
    "status": "draft",
    "fhirVersion": "4.0.1",
    "kind": "resource",
    "abstract": false,
    "type": "Group",
    "baseDefinition": "http://hl7.org/fhir/StructureDefinition/Group",
    "derivation": "constraint",
    "differential": {
      "element": [
        {
          "id": "Group",
          "path": "Group"
        },
        {
          "id": "Group.extension",
          "path": "Group.extension",
          "slicing": {
            "discriminator": [
              {
                "type": "value",
                "path": "url"
              }
            ],
            "ordered": false,
            "rules": "open"
          }
        },
        {
          "id": "Group.extension:fm-structure",
          "path": "Group.extension",
          "sliceName": "fm-structure",
          "sliceIsConstraining": false,
          "short": "Family structure",
          "definition": "Definition of the structure of the family, relating to the number of individuals belonging to it",
          "min": 0,
          "max": "1",
          "type": [
            {
              "code": "Extension",
              "profile": [
                "http://fhir.cqgc.ferlab.bio/StructureDefinition/fm-structure"
              ]
            }
          ],
          "mustSupport": true,
          "isModifier": false
        }
      ]
    },
    "date": "2020-08-13T15:36:53-04:00"
  }
  