{
  "resourceType": "StructureDefinition",
  "id": "cqgc-clinical-impression",
  "url": "http://fhir.cqgc.ferlab.bio/StructureDefinition/cqgc-clinical-impression",
  "version": "0.1.0",
  "name": "cqgc-clinical-impression",
  "title": "cqgc Clinical Impression",
  "status": "draft",
  "fhirVersion": "4.0.1",
  "kind": "resource",
  "abstract": false,
  "type": "ClinicalImpression",
  "baseDefinition": "http://hl7.org/fhir/StructureDefinition/ClinicalImpression",
  "derivation": "constraint",
    "differential": {
      "element": [
        {
          "id": "ClinicalImpression",
          "path": "ClinicalImpression"
        },
        {
          "id": "ClinicalImpression.extension",
          "path": "ClinicalImpression.extension",
          "slicing": {
            "discriminator": [
              {
                "type": "value",
                "path": "url"
              }
            ],
            "ordered": false,
            "rules": "open"
          }
        },
        {
            "id": "ClinicalImpression.extension:age-at-event",
            "path": "ClinicalImpression.extension",
            "sliceName": "age-at-event",
            "sliceIsConstraining": false,
            "label": "age_at_event",
            "short": "Age at the time of medical consultation",
            "definition": "Patient's age at the time of medical consultation",
            "min": 0,
            "max": "1",
            "type": [
              {
                "code": "Extension",
                "profile": [
                  "http://fhir.cqgc.ferlab.bio/StructureDefinition/age-at-event"
                ]
              }
            ],
            "mustSupport": true,
            "isModifier": false
        },
        {
          "id": "ClinicalImpression.statusReason",
          "path": "ClinicalImpression.statusReason",
          "max": "0"
        },
        {
          "id": "ClinicalImpression.code",
          "path": "ClinicalImpression.code",
          "max": "0"
        },
        {
          "id": "ClinicalImpression.subject",
          "path": "ClinicalImpression.subject",
          "min": 1,
          "max": "1"
        },
        {
          "id": "ClinicalImpression.encounter",
          "path": "ClinicalImpression.encounter",
          "max": "0"
        },
        {
          "id": "ClinicalImpression.date",
          "path": "ClinicalImpression.date",
          "min": 1,
          "max": "1"
        },
        {
          "id": "ClinicalImpression.assessor",
          "path": "ClinicalImpression.assessor",
          "min": 1,
          "max": "1"
        },
        {
          "id": "ClinicalImpression.previous",
          "path": "ClinicalImpression.previous",
          "max": "0"
        },
        {
          "id": "ClinicalImpression.problem",
          "path": "ClinicalImpression.problem",
          "max": "0"
        },
        {
          "id": "ClinicalImpression.protocol",
          "path": "ClinicalImpression.protocol",
          "max": "0"
        },
        {
          "id": "ClinicalImpression.summary",
          "path": "ClinicalImpression.summary",
          "max": "0"
        },
        {
          "id": "ClinicalImpression.finding",
          "path": "ClinicalImpression.finding",
          "max": "0"
        },
        {
          "id": "ClinicalImpression.prognosisCodeableConcept",
          "path": "ClinicalImpression.prognosisCodeableConcept",
          "max": "0"
        },
        {
          "id": "ClinicalImpression.prognosisReference",
          "path": "ClinicalImpression.prognosisReference",
          "max": "0"
        },
        {
          "id": "ClinicalImpression.supportingInfo",
          "path": "ClinicalImpression.supportingInfo",
          "max": "0"
        },
        {
          "id": "ClinicalImpression.note",
          "path": "ClinicalImpression.note",
          "max": "0"
        }
      ]
    },
    "date": "2020-08-04T13:24:31-04:00"
  }