{
  "resourceType": "StructureDefinition",
  "id": "cqgc-service-request",
  "url": "http://fhir.cqgc.ferlab.bio/StructureDefinition/cqgc-service-request",
  "version": "0.1.0",
  "name": "cqgc-service-request",
  "title": "cqgc Service Request",
  "status": "draft",
  "fhirVersion": "4.0.1",
  "kind": "resource",
  "abstract": false,
  "type": "ServiceRequest",
  "baseDefinition": "http://hl7.org/fhir/StructureDefinition/ServiceRequest",
  "derivation": "constraint",
  "differential": {
    "element": [
      {
        "id": "ServiceRequest",
        "path": "ServiceRequest"
      },
      {
        "id": "ServiceRequest.extension",
        "path": "ServiceRequest.extension",
        "slicing": {
          "discriminator": [
            {
              "type": "value",
              "path": "url"
            }
          ],
          "ordered": false,
          "rules": "open"
        }
      },
      {
        "id": "ServiceRequest.extension:is-submitted",
        "path": "ServiceRequest.extension",
        "sliceName": "is-submitted",
        "short": "Submission status of ServiceRequest",
        "definition": "Whether the Service Request is submitted or not",
        "min": 1,
        "max": "1",
        "type": [
          {
            "code": "Extension",
            "profile": [
              "http://fhir.cqgc.ferlab.bio/StructureDefinition/is-submitted"
            ]
          }
        ],
        "mustSupport": true,
        "isModifier": false
      },
      {
        "id": "ServiceRequest.extension:clinical-impression",
        "path": "ServiceRequest.extension",
        "sliceName": "clinical-impression",
        "sliceIsConstraining": false,
        "label": "clinical_impression",
        "short": "Medical Consultation",
        "definition": "Refers to the consultation from which the request results",
        "min": 0,
        "max": "1",
        "type": [
          {
            "code": "Extension",
            "profile": [
              "http://fhir.cqgc.ferlab.bio/StructureDefinition/ref-clin-impression"
            ]
          }
        ],
        "mustSupport": true,
        "isModifier": false
      },
      {
        "id": "ServiceRequest.code",
        "path": "ServiceRequest.code",
        "type": [
          {
            "code": "CodeableConcept"
          }
        ],
        "binding": {
          "strength": "required",
          "description": "ServiceRequest codes",
          "valueSet": "http://fhir.cqgc.ferlab.bio/ValueSet/service-request-code"
        }
      }
    ]
  },
  "date": "2020-08-20T13:18:01-04:00"
}